{"access_token": "ya29.a0AfH6SMCzjaxI9Kj9DkcVIkNUrLC-rB_4O7D2Sd-cKdqIBGJW-PyjlU4gQP38Bm5VyoCztQCcotu4rpJKINdmhBlWlvRGE5v1P5KKi50O827SDlmwZapWrw6aBWLAb8CHKpJ8kgW0oaUy7IrKH-VF5-c1RmWb", "client_id": "401742435678-58h7naqeidc6ckneqpe3eemmpqn1pte8.apps.googleusercontent.com", "client_secret": "mdKhKKWYYpW7luWGTtDTofRj", "refresh_token": "1//0ejHh63UfeAbmCgYIARAAGA4SNwF-L9IrJp9t_tcoQ9bJBoHC-OL5P35XdBzzsEtDF1yjJ_523JnBZt94IIl4MDdpqTZcrynomRw", "token_expiry": "2021-06-01T21:04:05Z", "token_uri": "https://accounts.google.com/o/oauth2/token", "user_agent": null, "revoke_uri": "https://oauth2.googleapis.com/revoke", "id_token": null, "id_token_jwt": null, "token_response": {"access_token": "ya29.a0AfH6SMCzjaxI9Kj9DkcVIkNUrLC-rB_4O7D2Sd-cKdqIBGJW-PyjlU4gQP38Bm5VyoCztQCcotu4rpJKINdmhBlWlvRGE5v1P5KKi50O827SDlmwZapWrw6aBWLAb8CHKpJ8kgW0oaUy7IrKH-VF5-c1RmWb", "expires_in": 3599, "refresh_token": "1//0ejHh63UfeAbmCgYIARAAGA4SNwF-L9IrJp9t_tcoQ9bJBoHC-OL5P35XdBzzsEtDF1yjJ_523JnBZt94IIl4MDdpqTZcrynomRw", "scope": "https://www.googleapis.com/auth/drive.file", "token_type": "Bearer"}, "scopes": ["https://www.googleapis.com/auth/drive.file"], "token_info_uri": "https://oauth2.googleapis.com/tokeninfo", "invalid": false, "_class": "OAuth2Credentials", "_module": "oauth2client.client"}