Email,Password
clapy23@medyaespor.com,Asdrty789*
clapy24@medyaespor.com,Asdrty789*
momento1@medyaespor.com,Asdrty789*
momento2@medyaespor.com,Asdrty789*
momento3@medyaespor.com,Asdrty789*
momento4@medyaespor.com,Asdrty789*
momento5@medyaespor.com,Asdrty789*
momento6@medyaespor.com,Asdrty789*
momento7@medyaespor.com,Asdrty789*
momento8@medyaespor.com,Asdrty789*
momento9@medyaespor.com,Asdrty789*
momento10@medyaespor.com,Asdrty789*
momento11@medyaespor.com,Asdrty789*
momento12@medyaespor.com,Asdrty789*
momento13@medyaespor.com,Asdrty789*
