Token ID,Session Token,Proxy,Land,Tools,Username
Token ID string,Session token string,,,,
Token ID string,Session token string,YourProxy or blank,,,
Token ID string,Session token string,Proxy string (IP:Port or IP:Port:User:Pass) or YourProxy or blank,,,
Token ID string,Session token string,Proxy string (IP:Port or IP:Port:User:Pass) or YourProxy or blank,"123456" or blank,,
Token ID string,Session token string,Proxy string (IP:Port or IP:Port:User:Pass) or YourProxy or blank,"123456" or blank,[] or blank,
Token ID string,Session token string,Proxy string (IP:Port or IP:Port:User:Pass) or YourProxy or blank,"123456" or blank,["123456"."123456"."123456"] or [] or blank, username or blank